strain	length	A	C	G	T	N	other_IUPAC	-	?	invalid_nucleotides
DQ447651|05DRC99|1999-05-XX	19114	6212	3749	3540	5613	0	0	0	0	0
DQ447658|Ang0215|2005-04-XX	19114	6173	3769	3571	5601	0	0	0	0	0
DQ447657|Ang0214|2005-04-XX	19114	6172	3767	3572	5603	0	0	0	0	0
DQ447650|07DRC99|1999-05-XX	19114	6205	3752	3549	5608	0	0	0	0	0
DQ447656|Ang0126|2005-04-XX	19114	6174	3769	3572	5599	0	0	0	0	0
DQ447660|Ang0998|2005-05-XX	19114	6170	3769	3575	5600	0	0	0	0	0
DQ447653|Ang1379c|2005-03-XX	19114	6172	3768	3572	5602	0	0	0	0	0
DQ447655|Ang1386|2005-03-XX	19114	6172	3769	3572	5601	0	0	0	0	0
DQ447659|Ang0754|2005-04-XX	19114	6174	3772	3570	5598	0	0	0	0	0
EF446132|Germany_Marburg|1967-XX-XX	19112	6187	3788	3561	5576	0	0	0	0	0
DQ447654|Ang1381|2005-03-XX	19114	6173	3769	3572	5600	0	0	0	0	0
FJ750958|Uganda371Bat2007|2007-XX-XX	19114	6219	3753	3537	5605	0	0	0	0	0
FJ750959|Uganda331Bat2007|2007-XX-XX	19114	6214	3747	3541	5612	0	0	0	0	0
FJ750957|Uganda01Uga07|2007-XX-XX	19114	6218	3753	3542	5601	0	0	0	0	0
OL702894|MARV001|2021-09-08	19058	6158	3752	3558	5590	0	0	0	0	0
JX458852|MARV/R.aegyptiacus-tc/UGA/2008/53Qbat|2008-XX-XX	19114	6215	3751	3539	5609	0	0	0	0	0
JX458836|MARV/H.sapiens-tc/COD/2000/29DRC|2000-XX-XX	19114	6212	3745	3540	5617	0	0	0	0	0
JX458839|MARV/H.sapiens-tc/COD/2000/16DRC|2000-XX-XX	19114	6214	3747	3538	5615	0	0	0	0	0
JX458838|MARV/H.sapiens-tc/COD/2000/17DRC|2000-XX-XX	19114	6214	3747	3538	5615	0	0	0	0	0
JX458855|MARV/R.aegyptiacus-tc/UGA/2009/843Qbat|2009-XX-XX	19114	6222	3752	3542	5598	0	0	0	0	0
JX458832|MARV/H.sapiens-tc/COD/2000/30DRC|2000-XX-XX	19114	6201	3757	3551	5605	0	0	0	0	0
JX458840|MARV/H.sapiens-tc/COD/2000/12DRC|2000-XX-XX	19114	6214	3747	3538	5615	0	0	0	0	0
JX458831|MARV/H.sapiens-tc/COD/2000/14DRC|2000-XX-XX	19114	6204	3750	3549	5611	0	0	0	0	0
JX458853|MARV/R.aegyptiacus-tc/UGA/2008/164Qbat|2008-XX-XX	19114	6204	3766	3542	5602	0	0	0	0	0
JX458842|MARV/H.sapiens-tc/COD/2000/18DRC|2000-XX-XX	19114	6214	3748	3538	5614	0	0	0	0	0
JX458833|MARV/H.sapiens-tc/COD/1999/01DRC|1999-XX-XX	19114	6208	3762	3546	5598	0	0	0	0	0
JX458858|MARV/R.aegyptiacus-tc/UGA/2009/1328Qbat|2009-XX-XX	19114	6208	3767	3542	5597	0	0	0	0	0
JX458849|MARV/H.sapiens-tc/COD/2000/25DRC|2000-XX-XX	19114	6210	3749	3541	5614	0	0	0	0	0
JX458826|MARV/H.sapiens-tc/COD/1999/03DRC|1999-XX-XX	19113	6205	3748	3547	5613	0	0	0	0	0
JX458846|MARV/H.sapiens-tc/COD/2000/28DRC|2000-XX-XX	19114	6215	3750	3539	5610	0	0	0	0	0
JX458828|MARV/H.sapiens-tc/COD/2000/19DRC|2000-XX-XX	19114	6209	3751	3544	5610	0	0	0	0	0
JX458830|MARV/H.sapiens-tc/COD/1999/06DRC|1999-XX-XX	19114	6205	3752	3549	5608	0	0	0	0	0
JX458827|MARV/H.sapiens-tc/COD/2000/32DRC|2000-XX-XX	19114	6209	3749	3544	5612	0	0	0	0	0
JX458843|MARV/H.sapiens-tc/COD/2000/21DRC|2000-XX-XX	19114	6214	3749	3538	5613	0	0	0	0	0
JX458854|MARV/R.aegyptiacus-tc/UGA/2009/1175Qbat|2009-XX-XX	19114	6210	3756	3547	5601	0	0	0	0	0
JX458841|MARV/H.sapiens-tc/COD/2000/20DRC|2000-XX-XX	19114	6214	3748	3538	5614	0	0	0	0	0
JX458834|MARV/H.sapiens-tc/COD/2000/24DRC|2000-XX-XX	19114	6205	3753	3546	5610	0	0	0	0	0
JX458845|MARV/H.sapiens-tc/COD/2000/13DRC|2000-XX-XX	19114	6216	3747	3537	5614	0	0	0	0	0
JX458847|MARV/H.sapiens-tc/COD/2000/15DRC|2000-XX-XX	19114	6216	3748	3538	5612	0	0	0	0	0
JX458844|MARV/H.sapiens-tc/COD/2000/26DRC|2000-XX-XX	19114	6214	3750	3538	5612	0	0	0	0	0
JX458829|MARV/H.sapiens-tc/COD/2000/34DRC|2000-XX-XX	19114	6208	3757	3545	5604	0	0	0	0	0
JX458848|MARV/H.sapiens-tc/COD/2000/22DRC|2000-XX-XX	19114	6212	3747	3540	5615	0	0	0	0	0
JX458850|MARV/H.sapiens-tc/COD/2000/33DRC|2000-XX-XX	19114	6209	3751	3541	5613	0	0	0	0	0
JX458837|MARV/H.sapiens-tc/COD/2000/27DRC|2000-XX-XX	19114	6212	3747	3540	5615	0	0	0	0	0
JX458851|MARV/H.sapiens-tc/COD/1999/02DRC|1999-XX-XX	19114	6202	3760	3549	5603	0	0	0	0	0
JX458825|MARV/H.sapiens-tc/COD/1999/04DRC|1999-XX-XX	19113	6207	3745	3545	5616	0	0	0	0	0
JX458835|MARV/H.sapiens-tc/COD/2000/23DRC|2000-XX-XX	19114	6205	3753	3546	5610	0	0	0	0	0
JX458856|MARV/R.aegyptiacus-tc/UGA/2009/914Qbat|2009-XX-XX	19114	6214	3755	3538	5607	0	0	0	0	0
KC545388|Mbg-423-2012|2012-XX-XX	19114	6215	3778	3540	5581	0	0	0	0	0
KC545387|Mbg-422-2012|2012-XX-XX	19114	6215	3778	3540	5581	0	0	0	0	0
JN408064|Leiden|2008-XX-XX	19113	6219	3756	3529	5609	0	0	0	0	0
KR867677|Marburgvirus/H.sapiens-tc/AGO/2005/Angola-200501379|2005-13-03	19113	6170	3768	3572	5603	0	0	0	0	0
KR063674|Marburgvirus/H.sapiens-tc/AGO/2005/Angola-810820|2005-13-03	19113	6170	3768	3572	5603	0	0	0	0	0
KU978782|Angolaprototype20051379|2005-01-01	19094	6160	3763	3568	5603	0	0	0	0	0
KY047763|Marburgvirus/H.sapiens-tc/AGO/2005/Angola-368|2005-XX-XX	19115	6174	3769	3572	5600	0	0	0	0	0
MN258361|PREDICT_SLAB3960Kakbat_SL_2017|2017-12-06	19100	6186	3802	3551	5561	0	0	0	0	0
MN187403|1000KasbatSL2018|2018-XX-XX	19094	6185	3750	3558	5601	0	0	0	0	0
MN187404|968KasbatSL2018|2018-XX-XX	19094	6185	3750	3558	5601	0	0	0	0	0
MN187405|960KasbatSL2018|2018-XX-XX	19094	6185	3750	3558	5601	0	0	0	0	0
MN187406|960LNKasbatSL2018|2018-XX-XX	19094	6185	3750	3558	5601	0	0	0	0	0
Ghana-MV-22-106|2022-06-XX	19113	6049	3710	3519	5530	305	0	0	0	0
Ghana-MV-22-114C|2022-06-XX	19113	6154	3737	3556	5602	64	0	0	0	0
